Id,Category
1,entailment
2,entailment
3,neutral
4,neutral
5,neutral
6,entailment
7,neutral
8,contradiction
9,entailment
10,neutral
11,neutral
12,entailment
13,contradiction
14,entailment
15,contradiction
16,contradiction
17,neutral
18,neutral
19,entailment
20,entailment
21,neutral
22,neutral
23,entailment
24,neutral
25,contradiction
26,entailment
27,neutral
28,entailment
29,contradiction
30,entailment
31,entailment
32,entailment
33,contradiction
34,entailment
35,neutral
36,neutral
37,neutral
38,neutral
39,neutral
40,neutral
41,entailment
42,neutral
43,contradiction
44,contradiction
45,contradiction
46,neutral
47,neutral
48,neutral
49,contradiction
50,entailment
51,neutral
52,neutral
53,neutral
54,neutral
55,entailment
56,neutral
57,neutral
58,neutral
59,contradiction
60,contradiction
61,entailment
62,neutral
63,contradiction
64,neutral
65,neutral
66,entailment
67,neutral
68,neutral
69,neutral
70,contradiction
71,entailment
72,contradiction
73,neutral
74,neutral
75,contradiction
76,neutral
77,neutral
78,neutral
79,neutral
80,neutral
81,contradiction
82,entailment
83,neutral
84,entailment
85,neutral
86,contradiction
87,entailment
88,contradiction
89,neutral
90,neutral
91,neutral
92,neutral
93,entailment
94,neutral
95,neutral
96,entailment
97,entailment
98,neutral
99,entailment
100,neutral
101,neutral
102,entailment
103,neutral
104,neutral
105,neutral
106,contradiction
107,entailment
108,neutral
109,entailment
110,entailment
111,contradiction
112,neutral
113,entailment
114,entailment
115,neutral
116,entailment
117,entailment
118,neutral
119,neutral
120,entailment
121,neutral
122,entailment
123,neutral
124,neutral
125,neutral
126,contradiction
127,entailment
128,neutral
129,neutral
130,contradiction
131,contradiction
132,neutral
133,entailment
134,neutral
135,neutral
136,entailment
137,neutral
138,neutral
139,contradiction
140,entailment
141,entailment
142,neutral
143,neutral
144,entailment
145,contradiction
146,contradiction
147,contradiction
148,neutral
149,neutral
150,neutral
151,neutral
152,entailment
153,entailment
154,neutral
155,neutral
156,contradiction
157,entailment
158,contradiction
159,neutral
160,entailment
161,entailment
162,entailment
163,contradiction
164,contradiction
165,neutral
166,contradiction
167,entailment
168,entailment
169,neutral
170,contradiction
171,contradiction
172,neutral
173,entailment
174,neutral
175,contradiction
176,neutral
177,neutral
178,neutral
179,neutral
180,neutral
181,neutral
182,neutral
183,neutral
184,contradiction
185,entailment
186,neutral
187,neutral
188,neutral
189,contradiction
190,contradiction
191,contradiction
192,entailment
193,neutral
194,neutral
195,neutral
196,entailment
197,entailment
198,neutral
199,entailment
200,neutral
201,neutral
202,neutral
203,entailment
204,contradiction
205,entailment
206,contradiction
207,neutral
208,entailment
209,neutral
210,neutral
211,neutral
212,neutral
213,contradiction
214,contradiction
215,entailment
216,neutral
217,neutral
218,contradiction
219,contradiction
220,neutral
221,contradiction
222,contradiction
223,contradiction
224,entailment
225,neutral
226,entailment
227,contradiction
228,contradiction
229,neutral
230,contradiction
231,neutral
232,neutral
233,contradiction
234,neutral
235,neutral
236,neutral
237,entailment
238,entailment
239,neutral
240,neutral
241,neutral
242,entailment
243,entailment
244,neutral
245,neutral
246,neutral
247,entailment
248,entailment
249,neutral
250,neutral
251,entailment
252,neutral
253,neutral
254,neutral
255,neutral
256,neutral
257,neutral
258,neutral
259,entailment
260,contradiction
261,neutral
262,neutral
263,neutral
264,neutral
265,entailment
266,entailment
267,neutral
268,neutral
269,entailment
270,neutral
271,entailment
272,entailment
273,neutral
274,neutral
275,neutral
276,entailment
277,neutral
278,contradiction
279,neutral
280,contradiction
281,neutral
282,contradiction
283,neutral
284,neutral
285,entailment
286,neutral
287,entailment
288,neutral
289,neutral
290,neutral
291,entailment
292,neutral
293,entailment
294,entailment
295,neutral
296,neutral
297,neutral
298,neutral
299,entailment
300,contradiction
301,entailment
302,neutral
303,entailment
304,neutral
305,entailment
306,neutral
307,contradiction
308,neutral
309,neutral
310,entailment
311,entailment
312,contradiction
313,neutral
314,neutral
315,entailment
316,neutral
317,entailment
318,contradiction
319,neutral
320,entailment
321,neutral
322,neutral
323,neutral
324,contradiction
325,contradiction
326,contradiction
327,neutral
328,entailment
329,neutral
330,entailment
331,neutral
332,neutral
333,entailment
334,entailment
335,neutral
336,neutral
337,entailment
338,neutral
339,neutral
340,neutral
341,neutral
342,neutral
343,entailment
344,contradiction
345,neutral
346,contradiction
347,entailment
348,neutral
349,neutral
350,neutral
351,contradiction
352,neutral
353,neutral
354,neutral
355,neutral
356,contradiction
357,entailment
358,neutral
359,neutral
360,neutral
361,entailment
362,entailment
363,contradiction
364,entailment
365,contradiction
366,contradiction
367,contradiction
368,neutral
369,neutral
370,entailment
371,neutral
372,neutral
373,contradiction
374,neutral
375,neutral
376,neutral
377,neutral
378,entailment
379,entailment
380,neutral
381,contradiction
382,neutral
383,neutral
384,entailment
385,neutral
386,entailment
387,neutral
388,entailment
389,neutral
390,neutral
391,neutral
392,entailment
393,neutral
394,neutral
395,neutral
396,neutral
397,entailment
398,entailment
399,neutral
400,neutral
401,contradiction
402,contradiction
403,entailment
404,contradiction
405,neutral
406,neutral
407,contradiction
408,neutral
409,contradiction
410,neutral
411,neutral
412,entailment
413,neutral
414,entailment
415,neutral
416,entailment
417,entailment
418,entailment
419,neutral
420,contradiction
421,neutral
422,entailment
423,neutral
424,neutral
425,neutral
426,entailment
427,neutral
428,neutral
429,neutral
430,neutral
431,neutral
432,entailment
433,contradiction
434,neutral
435,entailment
436,neutral
437,neutral
438,neutral
439,entailment
440,neutral
441,entailment
442,contradiction
443,neutral
444,neutral
445,neutral
446,neutral
447,neutral
448,neutral
449,neutral
450,neutral
451,neutral
452,neutral
453,neutral
454,entailment
455,neutral
456,neutral
457,neutral
458,neutral
459,entailment
460,neutral
461,entailment
462,neutral
463,entailment
464,entailment
465,neutral
466,contradiction
467,contradiction
468,neutral
469,contradiction
470,neutral
471,neutral
472,entailment
473,contradiction
474,neutral
475,neutral
476,neutral
477,neutral
478,neutral
479,contradiction
480,neutral
481,neutral
482,entailment
483,entailment
484,neutral
485,contradiction
486,neutral
487,neutral
488,neutral
489,neutral
490,neutral
491,entailment
492,neutral
493,neutral
494,neutral
495,entailment
496,neutral
497,entailment
498,entailment
499,neutral
500,neutral
501,entailment
502,entailment
503,neutral
504,neutral
505,contradiction
506,entailment
507,entailment
508,entailment
509,entailment
510,neutral
511,entailment
512,neutral
513,neutral
514,neutral
515,neutral
516,contradiction
517,entailment
518,neutral
519,neutral
520,entailment
521,neutral
522,neutral
523,entailment
524,entailment
525,contradiction
526,neutral
527,entailment
528,contradiction
529,entailment
530,neutral
531,neutral
532,neutral
533,neutral
534,entailment
535,neutral
536,neutral
537,entailment
538,entailment
539,neutral
540,neutral
541,neutral
542,neutral
543,contradiction
544,neutral
545,neutral
546,neutral
547,contradiction
548,entailment
549,neutral
550,neutral
551,entailment
552,neutral
553,entailment
554,neutral
555,entailment
556,contradiction
557,entailment
558,entailment
559,entailment
560,neutral
561,entailment
562,neutral
563,contradiction
564,neutral
565,entailment
566,entailment
567,neutral
568,entailment
569,contradiction
570,contradiction
571,entailment
572,neutral
573,neutral
574,contradiction
575,neutral
576,neutral
577,neutral
578,neutral
579,entailment
580,entailment
581,contradiction
582,neutral
583,neutral
584,entailment
585,neutral
586,contradiction
587,neutral
588,entailment
589,entailment
590,entailment
591,neutral
592,contradiction
593,neutral
594,neutral
595,neutral
596,neutral
597,neutral
598,neutral
599,neutral
600,entailment
601,neutral
602,entailment
603,contradiction
604,contradiction
605,entailment
606,neutral
607,entailment
608,neutral
609,neutral
610,neutral
611,neutral
612,neutral
613,entailment
614,neutral
615,contradiction
616,entailment
617,neutral
618,neutral
619,contradiction
620,entailment
621,contradiction
622,entailment
623,neutral
624,neutral
625,neutral
626,neutral
627,neutral
628,entailment
629,neutral
630,neutral
631,contradiction
632,contradiction
633,entailment
634,neutral
635,neutral
636,neutral
637,entailment
638,entailment
639,neutral
640,neutral
641,neutral
642,neutral
643,neutral
644,entailment
645,entailment
646,entailment
647,entailment
648,neutral
649,contradiction
650,neutral
651,neutral
652,contradiction
653,neutral
654,neutral
655,neutral
656,contradiction
657,neutral
658,neutral
659,neutral
660,entailment
661,neutral
662,contradiction
663,entailment
664,entailment
665,entailment
666,neutral
667,neutral
668,neutral
669,neutral
670,neutral
671,contradiction
672,neutral
673,neutral
674,entailment
675,neutral
676,neutral
677,entailment
678,neutral
679,neutral
680,neutral
681,neutral
682,neutral
683,entailment
684,contradiction
685,entailment
686,neutral
687,neutral
688,contradiction
689,contradiction
690,neutral
691,neutral
692,neutral
693,neutral
694,entailment
695,entailment
696,contradiction
697,entailment
698,entailment
699,entailment
700,neutral
701,neutral
702,entailment
703,entailment
704,neutral
705,neutral
706,entailment
707,neutral
708,neutral
709,neutral
710,entailment
711,neutral
712,contradiction
713,entailment
714,neutral
715,neutral
716,contradiction
717,neutral
718,neutral
719,neutral
720,neutral
721,entailment
722,neutral
723,neutral
724,entailment
725,neutral
726,neutral
727,contradiction
728,neutral
729,neutral
730,neutral
731,entailment
732,neutral
733,neutral
734,neutral
735,neutral
736,contradiction
737,neutral
738,neutral
739,neutral
740,neutral
741,entailment
742,contradiction
743,contradiction
744,entailment
745,entailment
746,entailment
747,entailment
748,neutral
749,neutral
750,contradiction
751,neutral
752,entailment
753,contradiction
754,entailment
755,neutral
756,neutral
757,entailment
758,neutral
759,neutral
760,neutral
761,neutral
762,contradiction
763,entailment
764,neutral
765,contradiction
766,contradiction
767,entailment
768,neutral
769,neutral
770,neutral
771,neutral
772,neutral
773,entailment
774,neutral
775,neutral
776,neutral
777,contradiction
778,neutral
779,neutral
780,neutral
781,neutral
782,entailment
783,neutral
784,contradiction
785,contradiction
786,entailment
787,neutral
788,neutral
789,neutral
790,neutral
791,neutral
792,entailment
793,neutral
794,neutral
795,neutral
796,entailment
797,neutral
798,contradiction
799,entailment
800,neutral
801,neutral
802,entailment
803,entailment
804,neutral
805,entailment
806,contradiction
807,entailment
808,neutral
809,contradiction
810,entailment
811,neutral
812,entailment
813,entailment
814,neutral
815,entailment
816,neutral
817,neutral
818,contradiction
819,neutral
820,neutral
821,neutral
822,neutral
823,neutral
824,entailment
825,entailment
826,entailment
827,neutral
828,entailment
829,neutral
830,neutral
831,entailment
832,neutral
833,neutral
834,neutral
835,entailment
836,contradiction
837,neutral
838,neutral
839,entailment
840,entailment
841,contradiction
842,entailment
843,entailment
844,neutral
845,contradiction
846,neutral
847,neutral
848,neutral
849,neutral
850,neutral
851,entailment
852,neutral
853,contradiction
854,neutral
855,neutral
856,neutral
857,neutral
858,neutral
859,neutral
860,contradiction
861,neutral
862,neutral
863,neutral
864,neutral
865,entailment
866,contradiction
867,neutral
868,neutral
869,neutral
870,entailment
871,neutral
872,neutral
873,entailment
874,neutral
875,neutral
876,contradiction
877,neutral
878,neutral
879,neutral
880,entailment
881,neutral
882,entailment
883,neutral
884,contradiction
885,neutral
886,neutral
887,entailment
888,contradiction
889,neutral
890,entailment
891,neutral
892,entailment
893,contradiction
894,contradiction
895,neutral
896,neutral
897,neutral
898,entailment
899,entailment
900,neutral
901,neutral
902,neutral
903,neutral
904,entailment
905,neutral
906,neutral
907,neutral
908,neutral
909,neutral
910,entailment
911,neutral
912,neutral
913,neutral
914,entailment
915,neutral
916,neutral
917,contradiction
918,neutral
919,neutral
920,neutral
921,entailment
922,neutral
923,entailment
924,contradiction
925,neutral
926,neutral
927,contradiction
928,neutral
929,neutral
930,entailment
931,neutral
932,neutral
933,entailment
934,neutral
935,neutral
936,entailment
937,contradiction
938,entailment
939,neutral
940,neutral
941,neutral
942,contradiction
943,neutral
944,entailment
945,neutral
946,entailment
947,contradiction
948,entailment
949,neutral
950,entailment
951,entailment
952,entailment
953,entailment
954,neutral
955,entailment
956,contradiction
957,neutral
958,entailment
959,contradiction
960,contradiction
961,neutral
962,entailment
963,neutral
964,neutral
965,entailment
966,neutral
967,entailment
968,neutral
969,entailment
970,neutral
971,neutral
972,contradiction
973,neutral
974,entailment
975,contradiction
976,entailment
977,neutral
978,entailment
979,neutral
980,neutral
981,entailment
982,entailment
983,neutral
984,neutral
985,entailment
986,neutral
987,contradiction
988,entailment
989,neutral
990,contradiction
991,entailment
992,entailment
993,entailment
994,neutral
995,contradiction
996,neutral
997,neutral
998,neutral
999,neutral
1000,neutral
1001,neutral
1002,neutral
1003,neutral
1004,neutral
1005,contradiction
1006,neutral
1007,entailment
1008,neutral
1009,entailment
1010,neutral
1011,neutral
1012,neutral
1013,contradiction
1014,neutral
1015,neutral
1016,neutral
1017,entailment
1018,neutral
1019,entailment
1020,entailment
1021,neutral
1022,entailment
1023,contradiction
1024,neutral
1025,neutral
1026,entailment
1027,contradiction
1028,neutral
1029,entailment
1030,neutral
1031,contradiction
1032,neutral
1033,entailment
1034,contradiction
1035,neutral
1036,neutral
1037,neutral
1038,neutral
1039,entailment
1040,neutral
1041,neutral
1042,neutral
1043,entailment
1044,neutral
1045,neutral
1046,neutral
1047,entailment
1048,entailment
1049,neutral
1050,neutral
1051,neutral
1052,neutral
1053,neutral
1054,entailment
1055,neutral
1056,entailment
1057,entailment
1058,neutral
1059,neutral
1060,entailment
1061,neutral
1062,entailment
1063,neutral
1064,neutral
1065,entailment
1066,neutral
1067,entailment
1068,neutral
1069,entailment
1070,entailment
1071,entailment
1072,neutral
1073,neutral
1074,entailment
1075,entailment
1076,neutral
1077,neutral
1078,neutral
1079,neutral
1080,contradiction
1081,neutral
1082,neutral
1083,neutral
1084,neutral
1085,neutral
1086,neutral
1087,neutral
1088,neutral
1089,neutral
1090,neutral
1091,neutral
1092,neutral
1093,contradiction
1094,contradiction
1095,neutral
1096,neutral
1097,neutral
1098,neutral
1099,contradiction
1100,neutral
1101,neutral
1102,neutral
1103,entailment
1104,entailment
1105,neutral
1106,neutral
1107,entailment
1108,entailment
1109,neutral
1110,neutral
1111,entailment
1112,contradiction
1113,neutral
1114,neutral
1115,entailment
1116,neutral
1117,neutral
1118,neutral
1119,contradiction
1120,neutral
1121,entailment
1122,entailment
1123,entailment
1124,contradiction
1125,neutral
1126,neutral
1127,contradiction
1128,neutral
1129,entailment
1130,entailment
1131,entailment
1132,neutral
1133,neutral
1134,neutral
1135,neutral
1136,entailment
1137,neutral
1138,neutral
1139,neutral
1140,contradiction
1141,neutral
1142,neutral
1143,neutral
1144,entailment
1145,neutral
1146,neutral
1147,neutral
1148,contradiction
1149,neutral
1150,neutral
1151,entailment
1152,neutral
1153,neutral
1154,contradiction
1155,neutral
1156,neutral
1157,entailment
1158,contradiction
1159,neutral
1160,neutral
1161,entailment
1162,neutral
1163,contradiction
1164,contradiction
1165,neutral
1166,entailment
1167,neutral
1168,entailment
1169,neutral
1170,entailment
1171,neutral
1172,neutral
1173,entailment
1174,neutral
1175,neutral
1176,neutral
1177,entailment
1178,neutral
1179,entailment
1180,entailment
1181,neutral
1182,neutral
1183,neutral
1184,entailment
1185,entailment
1186,neutral
1187,entailment
1188,neutral
1189,neutral
1190,entailment
1191,entailment
1192,neutral
1193,neutral
1194,neutral
1195,entailment
1196,entailment
1197,entailment
1198,entailment
1199,neutral
1200,neutral
1201,entailment
1202,neutral
1203,contradiction
1204,neutral
1205,neutral
1206,contradiction
1207,entailment
1208,entailment
1209,neutral
1210,neutral
1211,neutral
1212,entailment
1213,entailment
1214,neutral
1215,neutral
1216,neutral
1217,entailment
1218,neutral
1219,neutral
1220,neutral
1221,neutral
1222,entailment
1223,neutral
1224,entailment
1225,entailment
1226,neutral
1227,neutral
1228,neutral
1229,neutral
1230,neutral
1231,neutral
1232,contradiction
1233,neutral
1234,neutral
1235,entailment
1236,entailment
1237,neutral
1238,entailment
1239,neutral
1240,contradiction
1241,neutral
1242,neutral
1243,neutral
1244,contradiction
1245,neutral
1246,neutral
1247,neutral
1248,neutral
1249,neutral
1250,entailment
1251,neutral
1252,neutral
1253,contradiction
1254,neutral
1255,contradiction
1256,neutral
1257,neutral
1258,neutral
1259,neutral
1260,contradiction
1261,neutral
1262,entailment
1263,neutral
1264,neutral
1265,neutral
1266,neutral
1267,entailment
1268,neutral
1269,neutral
1270,contradiction
1271,neutral
1272,neutral
1273,neutral
1274,contradiction
1275,neutral
1276,neutral
1277,neutral
1278,entailment
1279,neutral
1280,contradiction
1281,neutral
1282,neutral
1283,entailment
1284,neutral
1285,neutral
1286,neutral
1287,neutral
1288,contradiction
1289,contradiction
1290,contradiction
1291,entailment
1292,entailment
1293,neutral
1294,contradiction
1295,neutral
1296,neutral
1297,neutral
1298,entailment
1299,neutral
1300,entailment
1301,neutral
1302,neutral
1303,neutral
1304,neutral
1305,neutral
1306,neutral
1307,neutral
1308,neutral
1309,entailment
1310,entailment
1311,entailment
1312,neutral
1313,neutral
1314,neutral
1315,contradiction
1316,neutral
1317,entailment
1318,entailment
1319,neutral
1320,neutral
1321,entailment
1322,contradiction
1323,contradiction
1324,entailment
1325,entailment
1326,neutral
1327,neutral
1328,neutral
1329,entailment
1330,neutral
1331,neutral
1332,neutral
1333,neutral
1334,contradiction
1335,neutral
1336,entailment
1337,neutral
1338,entailment
1339,entailment
1340,neutral
1341,entailment
1342,neutral
1343,entailment
1344,neutral
1345,entailment
1346,contradiction
1347,neutral
1348,entailment
1349,contradiction
1350,entailment
1351,neutral
1352,neutral
1353,neutral
1354,neutral
1355,contradiction
1356,entailment
1357,entailment
1358,neutral
1359,neutral
1360,entailment
1361,entailment
1362,neutral
1363,neutral
1364,neutral
1365,neutral
1366,entailment
1367,entailment
1368,neutral
1369,entailment
1370,neutral
1371,contradiction
1372,entailment
1373,neutral
1374,neutral
1375,neutral
1376,contradiction
1377,contradiction
1378,contradiction
1379,entailment
1380,neutral
1381,entailment
1382,entailment
1383,entailment
1384,neutral
1385,entailment
1386,neutral
1387,neutral
1388,neutral
1389,entailment
1390,neutral
1391,neutral
1392,contradiction
1393,neutral
1394,neutral
1395,neutral
1396,neutral
1397,neutral
1398,neutral
1399,neutral
1400,neutral
1401,neutral
1402,entailment
1403,neutral
1404,entailment
1405,neutral
1406,neutral
1407,neutral
1408,neutral
1409,contradiction
1410,neutral
1411,entailment
1412,entailment
1413,contradiction
1414,neutral
1415,neutral
1416,neutral
1417,entailment
1418,neutral
1419,neutral
1420,neutral
1421,contradiction
1422,neutral
1423,neutral
1424,neutral
1425,contradiction
1426,neutral
1427,neutral
1428,neutral
1429,neutral
1430,entailment
1431,neutral
1432,entailment
1433,neutral
1434,neutral
1435,entailment
1436,neutral
1437,neutral
1438,neutral
1439,neutral
1440,neutral
1441,neutral
1442,neutral
1443,neutral
1444,entailment
1445,neutral
1446,neutral
1447,neutral
1448,neutral
1449,neutral
1450,neutral
1451,neutral
1452,neutral
1453,neutral
1454,entailment
1455,entailment
1456,entailment
1457,neutral
1458,neutral
1459,entailment
1460,neutral
1461,neutral
1462,entailment
1463,entailment
1464,neutral
1465,neutral
1466,neutral
1467,neutral
1468,neutral
1469,neutral
1470,neutral
1471,entailment
1472,neutral
1473,entailment
1474,neutral
1475,neutral
1476,entailment
1477,entailment
1478,neutral
1479,entailment
1480,entailment
1481,neutral
1482,neutral
1483,neutral
1484,entailment
1485,entailment
1486,entailment
1487,entailment
1488,contradiction
1489,neutral
1490,neutral
1491,entailment
1492,entailment
1493,contradiction
1494,contradiction
1495,entailment
1496,neutral
1497,contradiction
1498,contradiction
1499,entailment
1500,contradiction
1501,neutral
1502,neutral
1503,neutral
1504,neutral
1505,neutral
1506,contradiction
1507,entailment
1508,neutral
1509,neutral
1510,contradiction
1511,neutral
1512,contradiction
1513,neutral
1514,neutral
1515,contradiction
1516,entailment
1517,contradiction
1518,neutral
1519,neutral
1520,neutral
1521,neutral
1522,neutral
1523,neutral
1524,entailment
1525,neutral
1526,contradiction
1527,neutral
1528,neutral
1529,contradiction
1530,neutral
1531,neutral
1532,entailment
1533,neutral
1534,entailment
1535,neutral
1536,entailment
1537,neutral
1538,entailment
1539,contradiction
1540,contradiction
1541,neutral
1542,neutral
1543,neutral
1544,neutral
1545,entailment
1546,neutral
1547,entailment
1548,neutral
1549,neutral
1550,neutral
1551,contradiction
1552,neutral
1553,neutral
1554,neutral
1555,neutral
1556,neutral
1557,neutral
1558,neutral
1559,neutral
1560,neutral
1561,entailment
1562,entailment
1563,entailment
1564,contradiction
1565,contradiction
1566,contradiction
1567,neutral
1568,entailment
1569,neutral
1570,contradiction
1571,neutral
1572,entailment
1573,neutral
1574,entailment
1575,entailment
1576,neutral
1577,neutral
1578,neutral
1579,neutral
1580,contradiction
1581,contradiction
1582,neutral
1583,neutral
1584,neutral
1585,entailment
1586,entailment
1587,contradiction
1588,neutral
1589,neutral
1590,entailment
1591,entailment
1592,neutral
1593,neutral
1594,neutral
1595,entailment
1596,neutral
1597,neutral
1598,neutral
1599,neutral
1600,entailment
1601,neutral
1602,entailment
1603,contradiction
1604,neutral
1605,neutral
1606,neutral
1607,neutral
1608,entailment
1609,entailment
1610,neutral
1611,contradiction
1612,neutral
1613,entailment
1614,neutral
1615,neutral
1616,neutral
1617,neutral
1618,entailment
1619,contradiction
1620,entailment
1621,entailment
1622,neutral
1623,contradiction
1624,contradiction
1625,neutral
1626,contradiction
1627,entailment
1628,neutral
1629,neutral
1630,neutral
1631,entailment
1632,entailment
1633,neutral
1634,contradiction
1635,entailment
1636,entailment
1637,entailment
1638,neutral
1639,contradiction
1640,entailment
1641,contradiction
1642,entailment
1643,neutral
1644,neutral
1645,neutral
1646,neutral
1647,entailment
1648,entailment
1649,contradiction
1650,neutral
1651,entailment
1652,entailment
1653,contradiction
1654,neutral
1655,neutral
1656,neutral
1657,entailment
1658,neutral
1659,entailment
1660,neutral
1661,entailment
1662,neutral
1663,neutral
1664,contradiction
1665,neutral
1666,neutral
1667,neutral
1668,entailment
1669,entailment
1670,neutral
1671,neutral
1672,neutral
1673,entailment
1674,neutral
1675,neutral
1676,neutral
1677,neutral
1678,neutral
1679,entailment
1680,neutral
1681,neutral
1682,contradiction
1683,neutral
1684,neutral
1685,entailment
1686,entailment
1687,contradiction
1688,contradiction
1689,neutral
1690,neutral
1691,neutral
1692,contradiction
1693,entailment
1694,neutral
1695,neutral
1696,neutral
1697,entailment
1698,neutral
1699,contradiction
1700,neutral
1701,entailment
1702,neutral
1703,entailment
1704,neutral
1705,neutral
1706,contradiction
1707,entailment
1708,neutral
1709,contradiction
1710,neutral
1711,entailment
1712,neutral
1713,neutral
1714,neutral
1715,neutral
1716,neutral
1717,neutral
1718,entailment
1719,entailment
1720,contradiction
1721,neutral
1722,neutral
1723,neutral
1724,entailment
1725,neutral
1726,neutral
1727,neutral
1728,neutral
1729,neutral
1730,entailment
1731,neutral
1732,entailment
1733,neutral
1734,neutral
1735,contradiction
1736,entailment
1737,neutral
1738,neutral
1739,entailment
1740,neutral
1741,entailment
1742,neutral
1743,neutral
1744,neutral
1745,entailment
1746,neutral
1747,entailment
1748,neutral
1749,neutral
1750,entailment
1751,entailment
1752,neutral
1753,entailment
1754,contradiction
1755,neutral
1756,entailment
1757,entailment
1758,neutral
1759,neutral
1760,neutral
1761,entailment
1762,entailment
1763,contradiction
1764,entailment
1765,entailment
1766,neutral
1767,entailment
1768,neutral
1769,neutral
1770,neutral
1771,neutral
1772,neutral
1773,neutral
1774,neutral
1775,neutral
1776,entailment
1777,entailment
1778,entailment
1779,neutral
1780,neutral
1781,neutral
1782,neutral
1783,neutral
1784,neutral
1785,entailment
1786,contradiction
1787,neutral
1788,entailment
1789,neutral
1790,neutral
1791,contradiction
1792,contradiction
1793,entailment
1794,entailment
1795,neutral
1796,neutral
1797,contradiction
1798,neutral
1799,contradiction
1800,neutral
1801,entailment
1802,contradiction
1803,entailment
1804,neutral
1805,neutral
1806,neutral
1807,neutral
1808,neutral
1809,entailment
1810,entailment
1811,contradiction
1812,neutral
1813,entailment
1814,entailment
1815,neutral
1816,contradiction
1817,neutral
1818,neutral
1819,entailment
1820,neutral
1821,neutral
1822,contradiction
1823,entailment
1824,neutral
1825,neutral
1826,entailment
1827,entailment
1828,neutral
1829,entailment
1830,neutral
1831,entailment
1832,neutral
1833,neutral
1834,entailment
1835,neutral
1836,neutral
1837,contradiction
1838,neutral
1839,entailment
1840,contradiction
1841,entailment
1842,entailment
1843,neutral
1844,contradiction
1845,neutral
1846,entailment
1847,entailment
1848,entailment
1849,neutral
1850,neutral
1851,contradiction
1852,entailment
1853,neutral
1854,entailment
1855,entailment
1856,entailment
1857,neutral
1858,neutral
1859,contradiction
1860,contradiction
1861,entailment
1862,neutral
1863,entailment
1864,contradiction
1865,neutral
1866,neutral
1867,neutral
1868,contradiction
1869,entailment
1870,entailment
1871,entailment
1872,entailment
1873,neutral
1874,neutral
1875,neutral
1876,entailment
1877,neutral
1878,neutral
1879,neutral
1880,neutral
1881,entailment
1882,contradiction
1883,neutral
1884,neutral
1885,neutral
1886,entailment
1887,entailment
1888,neutral
1889,neutral
1890,neutral
1891,neutral
1892,neutral
1893,entailment
1894,neutral
1895,neutral
1896,neutral
1897,entailment
1898,neutral
1899,neutral
1900,entailment
1901,neutral
1902,entailment
1903,entailment
1904,neutral
1905,neutral
1906,contradiction
1907,neutral
1908,entailment
1909,neutral
1910,neutral
1911,neutral
1912,entailment
1913,neutral
1914,contradiction
1915,neutral
1916,neutral
1917,entailment
1918,neutral
1919,neutral
1920,neutral
1921,entailment
1922,entailment
1923,neutral
1924,contradiction
1925,contradiction
1926,neutral
1927,entailment
1928,contradiction
1929,neutral
1930,entailment
1931,entailment
1932,entailment
1933,entailment
1934,entailment
1935,neutral
1936,contradiction
1937,entailment
1938,entailment
1939,neutral
1940,entailment
1941,neutral
1942,neutral
1943,contradiction
1944,entailment
1945,neutral
1946,entailment
1947,contradiction
1948,entailment
1949,neutral
1950,neutral
1951,neutral
1952,entailment
1953,neutral
1954,entailment
1955,neutral
1956,entailment
1957,contradiction
1958,entailment
1959,entailment
1960,contradiction
1961,neutral
1962,neutral
1963,neutral
1964,neutral
1965,entailment
1966,neutral
1967,entailment
1968,neutral
1969,neutral
1970,neutral
1971,neutral
1972,neutral
1973,entailment
1974,neutral
1975,entailment
1976,contradiction
1977,entailment
1978,neutral
1979,neutral
1980,contradiction
1981,contradiction
1982,neutral
1983,neutral
1984,contradiction
1985,neutral
1986,neutral
1987,entailment
1988,entailment
1989,entailment
1990,neutral
1991,contradiction
1992,entailment
1993,neutral
1994,neutral
1995,neutral
1996,neutral
1997,neutral
1998,neutral
1999,neutral
2000,contradiction
2001,neutral
2002,neutral
2003,neutral
2004,neutral
2005,neutral
2006,entailment
2007,neutral
2008,neutral
2009,entailment
2010,contradiction
2011,entailment
2012,entailment
2013,neutral
2014,neutral
2015,neutral
2016,neutral
2017,neutral
2018,neutral
2019,entailment
2020,neutral
2021,neutral
2022,neutral
2023,neutral
2024,neutral
2025,entailment
2026,contradiction
2027,entailment
2028,neutral
2029,neutral
2030,neutral
2031,neutral
2032,entailment
2033,neutral
2034,entailment
2035,entailment
2036,neutral
2037,neutral
2038,neutral
2039,entailment
2040,neutral
2041,neutral
2042,neutral
2043,entailment
2044,contradiction
2045,neutral
2046,neutral
2047,entailment
2048,neutral
2049,contradiction
2050,neutral
2051,neutral
2052,neutral
2053,entailment
2054,neutral
2055,neutral
2056,neutral
2057,entailment
2058,neutral
2059,neutral
2060,neutral
2061,neutral
2062,contradiction
2063,neutral
2064,neutral
2065,neutral
2066,neutral
2067,neutral
2068,neutral
2069,neutral
2070,neutral
2071,neutral
2072,contradiction
2073,neutral
2074,neutral
2075,neutral
2076,neutral
2077,contradiction
2078,neutral
2079,entailment
2080,entailment
2081,neutral
2082,neutral
2083,neutral
2084,entailment
2085,contradiction
2086,contradiction
2087,neutral
2088,entailment
2089,neutral
2090,contradiction
2091,contradiction
2092,neutral
2093,neutral
2094,neutral
2095,contradiction
2096,entailment
2097,entailment
2098,entailment
2099,neutral
2100,neutral
2101,entailment
2102,neutral
2103,contradiction
2104,entailment
2105,entailment
2106,entailment
2107,neutral
2108,neutral
2109,entailment
2110,neutral
2111,neutral
2112,neutral
2113,entailment
2114,neutral
2115,neutral
2116,neutral
2117,neutral
2118,neutral
2119,entailment
2120,entailment
2121,neutral
2122,neutral
2123,neutral
2124,entailment
2125,entailment
2126,neutral
2127,neutral
2128,contradiction
2129,neutral
2130,entailment
2131,neutral
2132,contradiction
2133,neutral
2134,entailment
2135,neutral
2136,entailment
2137,entailment
2138,neutral
2139,neutral
2140,neutral
2141,neutral
2142,neutral
2143,neutral
2144,entailment
2145,contradiction
2146,entailment
2147,contradiction
2148,neutral
2149,neutral
2150,contradiction
2151,entailment
2152,entailment
2153,contradiction
2154,contradiction
2155,entailment
2156,entailment
2157,entailment
2158,neutral
2159,entailment
2160,neutral
2161,neutral
2162,contradiction
2163,entailment
2164,entailment
2165,neutral
2166,entailment
2167,entailment
2168,entailment
2169,entailment
2170,neutral
2171,contradiction
2172,neutral
2173,contradiction
2174,neutral
2175,entailment
2176,entailment
2177,entailment
2178,entailment
2179,neutral
2180,contradiction
2181,entailment
2182,neutral
2183,entailment
2184,neutral
2185,contradiction
2186,contradiction
2187,entailment
2188,neutral
2189,entailment
2190,contradiction
2191,entailment
2192,contradiction
2193,contradiction
2194,entailment
2195,entailment
2196,neutral
2197,neutral
2198,contradiction
2199,entailment
2200,neutral
2201,neutral
2202,entailment
2203,neutral
2204,entailment
2205,entailment
2206,entailment
2207,neutral
2208,entailment
2209,neutral
2210,neutral
2211,entailment
2212,neutral
2213,contradiction
2214,neutral
2215,entailment
2216,neutral
2217,contradiction
2218,entailment
2219,contradiction
2220,entailment
2221,neutral
2222,entailment
2223,entailment
2224,neutral
2225,neutral
2226,entailment
2227,neutral
2228,neutral
2229,contradiction
2230,neutral
2231,neutral
2232,neutral
2233,entailment
2234,contradiction
2235,entailment
2236,neutral
2237,neutral
2238,neutral
2239,neutral
2240,entailment
2241,entailment
2242,neutral
2243,neutral
2244,entailment
2245,entailment
2246,neutral
2247,contradiction
2248,neutral
2249,entailment
2250,neutral
2251,neutral
2252,contradiction
2253,neutral
2254,neutral
2255,entailment
2256,neutral
2257,neutral
2258,contradiction
2259,neutral
2260,entailment
2261,neutral
2262,entailment
2263,entailment
2264,entailment
2265,contradiction
2266,entailment
2267,neutral
2268,entailment
2269,neutral
2270,neutral
2271,neutral
2272,contradiction
2273,neutral
2274,entailment
2275,contradiction
2276,contradiction
2277,neutral
2278,neutral
2279,entailment
2280,entailment
2281,entailment
2282,neutral
2283,contradiction
2284,neutral
2285,neutral
2286,contradiction
2287,neutral
2288,neutral
2289,entailment
2290,neutral
2291,entailment
2292,entailment
2293,neutral
2294,entailment
2295,entailment
2296,neutral
2297,neutral
2298,contradiction
2299,neutral
2300,entailment
2301,neutral
2302,entailment
2303,neutral
2304,contradiction
2305,neutral
2306,entailment
2307,entailment
2308,neutral
2309,entailment
2310,neutral
2311,neutral
2312,neutral
2313,neutral
2314,entailment
2315,contradiction
2316,contradiction
2317,entailment
2318,entailment
2319,contradiction
2320,entailment
2321,neutral
2322,neutral
2323,entailment
2324,neutral
2325,neutral
2326,neutral
2327,entailment
2328,neutral
2329,neutral
2330,neutral
2331,entailment
2332,entailment
2333,neutral
2334,entailment
2335,entailment
2336,contradiction
2337,contradiction
2338,neutral
2339,contradiction
2340,entailment
2341,neutral
2342,contradiction
2343,entailment
2344,neutral
2345,contradiction
2346,neutral
2347,neutral
2348,entailment
2349,neutral
2350,neutral
2351,entailment
2352,neutral
2353,neutral
2354,neutral
2355,contradiction
2356,neutral
2357,neutral
2358,entailment
2359,entailment
2360,neutral
2361,entailment
2362,neutral
2363,neutral
2364,neutral
2365,neutral
2366,entailment
2367,entailment
2368,entailment
2369,entailment
2370,entailment
2371,neutral
2372,entailment
2373,neutral
2374,neutral
2375,entailment
2376,contradiction
2377,entailment
2378,entailment
2379,entailment
2380,entailment
2381,neutral
2382,neutral
2383,neutral
2384,entailment
2385,neutral
2386,entailment
2387,neutral
2388,neutral
2389,neutral
2390,neutral
2391,neutral
2392,neutral
2393,entailment
2394,contradiction
2395,neutral
2396,neutral
2397,neutral
2398,neutral
2399,neutral
2400,contradiction
2401,neutral
2402,entailment
2403,neutral
2404,entailment
2405,entailment
2406,neutral
2407,entailment
2408,contradiction
2409,entailment
2410,neutral
2411,contradiction
2412,entailment
2413,entailment
2414,contradiction
2415,neutral
2416,neutral
2417,neutral
2418,contradiction
2419,neutral
2420,neutral
2421,contradiction
2422,neutral
2423,entailment
2424,entailment
2425,entailment
2426,neutral
2427,neutral
2428,contradiction
2429,entailment
2430,entailment
2431,neutral
2432,entailment
2433,entailment
2434,neutral
2435,entailment
2436,neutral
2437,neutral
2438,entailment
2439,entailment
2440,neutral
2441,neutral
2442,entailment
2443,neutral
2444,entailment
2445,neutral
2446,neutral
2447,entailment
2448,neutral
2449,neutral
2450,neutral
2451,contradiction
2452,neutral
2453,neutral
2454,neutral
2455,entailment
2456,neutral
2457,contradiction
2458,entailment
2459,entailment
2460,neutral
2461,entailment
2462,contradiction
2463,contradiction
2464,entailment
2465,entailment
2466,entailment
2467,entailment
2468,neutral
2469,neutral
2470,neutral
2471,neutral
2472,neutral
2473,neutral
2474,neutral
2475,contradiction
2476,entailment
2477,entailment
2478,neutral
2479,entailment
2480,neutral
2481,neutral
2482,entailment
2483,entailment
2484,entailment
2485,neutral
2486,neutral
2487,entailment
2488,neutral
2489,neutral
2490,contradiction
2491,contradiction
2492,contradiction
2493,neutral
2494,neutral
2495,entailment
2496,neutral
2497,neutral
2498,contradiction
2499,entailment
2500,neutral
2501,contradiction
2502,contradiction
2503,entailment
2504,neutral
2505,entailment
2506,entailment
2507,neutral
2508,entailment
2509,neutral
2510,entailment
2511,neutral
2512,contradiction
2513,neutral
2514,neutral
2515,neutral
2516,neutral
2517,neutral
2518,neutral
2519,neutral
2520,neutral
2521,entailment
2522,neutral
2523,neutral
2524,neutral
2525,entailment
2526,entailment
2527,entailment
2528,neutral
2529,neutral
2530,entailment
2531,entailment
2532,neutral
2533,entailment
2534,neutral
2535,neutral
2536,neutral
2537,neutral
2538,neutral
2539,neutral
2540,entailment
2541,neutral
2542,entailment
2543,contradiction
2544,neutral
2545,entailment
2546,entailment
2547,neutral
2548,entailment
2549,neutral
2550,neutral
2551,entailment
2552,entailment
2553,neutral
2554,entailment
2555,neutral
2556,neutral
2557,neutral
2558,neutral
2559,neutral
2560,entailment
2561,neutral
2562,neutral
2563,neutral
2564,neutral
2565,entailment
2566,neutral
2567,neutral
2568,neutral
2569,neutral
2570,neutral
2571,neutral
2572,neutral
2573,neutral
2574,neutral
2575,neutral
2576,entailment
2577,contradiction
2578,neutral
2579,neutral
2580,entailment
2581,neutral
2582,neutral
2583,neutral
2584,neutral
2585,neutral
2586,contradiction
2587,entailment
2588,neutral
2589,contradiction
2590,neutral
2591,entailment
2592,neutral
2593,neutral
2594,entailment
2595,neutral
2596,neutral
2597,neutral
2598,entailment
2599,neutral
2600,neutral
2601,entailment
2602,entailment
2603,neutral
2604,entailment
2605,neutral
2606,entailment
2607,neutral
2608,entailment
2609,neutral
2610,entailment
2611,contradiction
2612,entailment
2613,neutral
2614,contradiction
2615,neutral
2616,neutral
2617,entailment
2618,neutral
2619,entailment
2620,neutral
2621,entailment
2622,entailment
2623,neutral
2624,neutral
2625,entailment
2626,neutral
2627,entailment
2628,entailment
2629,neutral
2630,entailment
2631,entailment
2632,entailment
2633,neutral
2634,contradiction
2635,entailment
2636,neutral
2637,neutral
2638,neutral
2639,neutral
2640,neutral
2641,neutral
2642,entailment
2643,neutral
2644,neutral
2645,neutral
2646,neutral
2647,neutral
2648,neutral
2649,entailment
2650,neutral
2651,neutral
2652,contradiction
2653,contradiction
2654,neutral
2655,contradiction
2656,neutral
2657,entailment
2658,neutral
2659,neutral
2660,neutral
2661,neutral
2662,neutral
2663,neutral
2664,contradiction
2665,neutral
2666,contradiction
2667,neutral
2668,neutral
2669,neutral
2670,entailment
2671,neutral
2672,neutral
2673,neutral
2674,entailment
2675,neutral
2676,neutral
2677,neutral
2678,neutral
2679,entailment
2680,neutral
2681,entailment
2682,neutral
2683,contradiction
2684,contradiction
2685,contradiction
2686,neutral
2687,contradiction
2688,entailment
2689,neutral
2690,neutral
2691,neutral
2692,entailment
2693,entailment
2694,neutral
2695,entailment
2696,entailment
2697,neutral
2698,neutral
2699,neutral
2700,neutral
2701,contradiction
2702,entailment
2703,entailment
2704,neutral
2705,entailment
2706,contradiction
2707,neutral
2708,entailment
2709,neutral
2710,entailment
2711,entailment
2712,entailment
2713,neutral
2714,entailment
2715,entailment
2716,entailment
2717,contradiction
2718,entailment
2719,neutral
2720,entailment
2721,neutral
2722,contradiction
2723,entailment
2724,neutral
2725,entailment
2726,neutral
2727,neutral
2728,contradiction
2729,entailment
2730,entailment
2731,contradiction
2732,entailment
2733,neutral
2734,contradiction
2735,contradiction
2736,contradiction
2737,neutral
2738,neutral
2739,entailment
2740,entailment
2741,entailment
2742,neutral
2743,neutral
2744,neutral
2745,entailment
2746,neutral
2747,contradiction
2748,neutral
2749,entailment
2750,contradiction
2751,neutral
2752,contradiction
2753,entailment
2754,entailment
2755,neutral
2756,neutral
2757,neutral
2758,entailment
2759,entailment
2760,contradiction
2761,contradiction
2762,neutral
2763,entailment
2764,entailment
2765,neutral
2766,contradiction
2767,neutral
2768,contradiction
2769,neutral
2770,contradiction
2771,contradiction
2772,neutral
2773,entailment
2774,neutral
2775,entailment
2776,contradiction
2777,neutral
2778,neutral
2779,neutral
2780,neutral
2781,contradiction
2782,contradiction
2783,neutral
2784,neutral
2785,entailment
2786,contradiction
2787,neutral
2788,neutral
2789,entailment
2790,neutral
2791,entailment
2792,neutral
2793,neutral
2794,neutral
2795,neutral
2796,neutral
2797,neutral
2798,entailment
2799,entailment
2800,entailment
2801,neutral
2802,neutral
2803,neutral
2804,neutral
2805,entailment
2806,neutral
2807,neutral
2808,neutral
2809,neutral
2810,neutral
2811,contradiction
2812,entailment
2813,neutral
2814,contradiction
2815,entailment
2816,neutral
2817,entailment
2818,neutral
2819,entailment
2820,neutral
2821,entailment
2822,contradiction
2823,neutral
2824,neutral
2825,neutral
2826,neutral
2827,neutral
2828,entailment
2829,neutral
2830,contradiction
2831,neutral
2832,entailment
2833,neutral
2834,neutral
2835,neutral
2836,neutral
2837,contradiction
2838,entailment
2839,contradiction
2840,neutral
2841,entailment
2842,neutral
2843,neutral
2844,entailment
2845,entailment
2846,neutral
2847,neutral
2848,neutral
2849,neutral
2850,neutral
2851,entailment
2852,entailment
2853,entailment
2854,entailment
2855,neutral
2856,contradiction
2857,neutral
2858,neutral
2859,contradiction
2860,entailment
2861,entailment
2862,neutral
2863,contradiction
2864,neutral
2865,neutral
2866,neutral
2867,neutral
2868,entailment
2869,neutral
2870,entailment
2871,contradiction
2872,neutral
2873,contradiction
2874,entailment
2875,entailment
2876,entailment
2877,neutral
2878,neutral
2879,neutral
2880,neutral
2881,neutral
2882,entailment
2883,neutral
2884,entailment
2885,contradiction
2886,neutral
2887,entailment
2888,neutral
2889,neutral
2890,neutral
2891,entailment
2892,neutral
2893,entailment
2894,neutral
2895,neutral
2896,entailment
2897,neutral
2898,neutral
2899,neutral
2900,neutral
2901,entailment
2902,neutral
2903,entailment
2904,neutral
2905,neutral
2906,contradiction
2907,neutral
2908,contradiction
2909,entailment
2910,contradiction
2911,contradiction
2912,entailment
2913,neutral
2914,neutral
2915,contradiction
2916,entailment
2917,neutral
2918,neutral
2919,neutral
2920,neutral
2921,neutral
2922,entailment
2923,neutral
2924,neutral
2925,neutral
2926,entailment
2927,neutral
2928,neutral
2929,entailment
2930,neutral
2931,contradiction
2932,neutral
2933,contradiction
2934,entailment
2935,neutral
2936,contradiction
2937,neutral
2938,neutral
2939,contradiction
2940,neutral
2941,entailment
2942,entailment
2943,neutral
2944,entailment
2945,neutral
2946,neutral
2947,neutral
2948,neutral
2949,entailment
2950,entailment
2951,neutral
2952,entailment
2953,contradiction
2954,neutral
2955,neutral
2956,entailment
2957,neutral
2958,entailment
2959,contradiction
2960,neutral
2961,contradiction
2962,entailment
2963,neutral
2964,entailment
2965,contradiction
2966,neutral
2967,neutral
2968,contradiction
2969,entailment
2970,neutral
2971,neutral
2972,entailment
2973,neutral
2974,contradiction
2975,neutral
2976,neutral
2977,contradiction
2978,neutral
2979,neutral
2980,neutral
2981,neutral
2982,neutral
2983,contradiction
2984,neutral
2985,neutral
2986,neutral
2987,neutral
2988,entailment
2989,entailment
2990,contradiction
2991,entailment
2992,neutral
2993,contradiction
2994,neutral
2995,entailment
2996,contradiction
2997,entailment
2998,neutral
2999,neutral
3000,neutral
3001,entailment
3002,contradiction
3003,contradiction
3004,neutral
3005,neutral
3006,entailment
3007,entailment
3008,entailment
3009,entailment
3010,contradiction
3011,entailment
3012,neutral
3013,entailment
3014,neutral
3015,neutral
3016,entailment
3017,neutral
3018,entailment
3019,neutral
3020,entailment
3021,neutral
3022,entailment
3023,contradiction
3024,neutral
3025,entailment
3026,entailment
3027,neutral
3028,neutral
3029,neutral
3030,contradiction
3031,neutral
3032,entailment
3033,neutral
3034,neutral
3035,neutral
3036,contradiction
3037,entailment
3038,neutral
3039,neutral
3040,entailment
3041,neutral
3042,entailment
3043,neutral
3044,neutral
3045,entailment
3046,neutral
3047,neutral
3048,neutral
3049,neutral
3050,neutral
3051,neutral
3052,contradiction
3053,entailment
3054,entailment
3055,entailment
3056,neutral
3057,neutral
3058,neutral
3059,entailment
3060,contradiction
3061,neutral
3062,neutral
3063,entailment
3064,neutral
3065,entailment
3066,neutral
3067,entailment
3068,contradiction
3069,neutral
3070,contradiction
3071,entailment
3072,neutral
3073,neutral
3074,neutral
3075,neutral
3076,neutral
3077,neutral
3078,neutral
3079,neutral
3080,entailment
3081,neutral
3082,entailment
3083,neutral
3084,neutral
3085,entailment
3086,contradiction
3087,entailment
3088,contradiction
3089,neutral
3090,neutral
3091,contradiction
3092,neutral
3093,neutral
3094,neutral
3095,entailment
3096,neutral
3097,neutral
3098,entailment
3099,neutral
3100,neutral
3101,neutral
3102,neutral
3103,neutral
3104,entailment
3105,neutral
3106,neutral
3107,neutral
3108,contradiction
3109,neutral
3110,neutral
3111,neutral
3112,entailment
3113,entailment
3114,neutral
3115,entailment
3116,entailment
3117,entailment
3118,neutral
3119,neutral
3120,neutral
3121,entailment
3122,neutral
3123,contradiction
3124,neutral
3125,neutral
3126,neutral
3127,entailment
3128,contradiction
3129,neutral
3130,neutral
3131,entailment
3132,entailment
3133,neutral
3134,contradiction
3135,neutral
3136,neutral
3137,entailment
3138,entailment
3139,neutral
3140,entailment
3141,entailment
3142,neutral
3143,neutral
3144,neutral
3145,neutral
3146,entailment
3147,neutral
3148,neutral
3149,entailment
3150,neutral
3151,neutral
3152,entailment
3153,entailment
3154,neutral
3155,entailment
3156,neutral
3157,neutral
3158,contradiction
3159,neutral
3160,neutral
3161,entailment
3162,contradiction
3163,contradiction
3164,neutral
3165,entailment
3166,entailment
3167,neutral
3168,entailment
3169,contradiction
3170,entailment
3171,neutral
3172,contradiction
3173,entailment
3174,entailment
3175,neutral
3176,neutral
3177,entailment
3178,entailment
3179,contradiction
3180,contradiction
3181,entailment
3182,neutral
3183,entailment
3184,entailment
3185,neutral
3186,entailment
3187,contradiction
3188,entailment
3189,entailment
3190,neutral
3191,contradiction
3192,neutral
3193,neutral
3194,neutral
3195,neutral
3196,neutral
3197,entailment
3198,neutral
3199,neutral
3200,contradiction
3201,contradiction
3202,neutral
3203,neutral
3204,entailment
3205,contradiction
3206,neutral
3207,entailment
3208,entailment
3209,neutral
3210,neutral
3211,neutral
3212,entailment
3213,neutral
3214,entailment
3215,contradiction
3216,entailment
3217,neutral
3218,neutral
3219,neutral
3220,neutral
3221,neutral
3222,neutral
3223,neutral
3224,neutral
3225,neutral
3226,neutral
3227,entailment
3228,contradiction
3229,neutral
3230,contradiction
3231,neutral
3232,entailment
3233,neutral
3234,contradiction
3235,entailment
3236,neutral
3237,contradiction
3238,contradiction
3239,neutral
3240,entailment
3241,neutral
3242,entailment
3243,neutral
3244,entailment
3245,neutral
3246,neutral
3247,neutral
3248,neutral
3249,neutral
3250,neutral
3251,neutral
3252,neutral
3253,neutral
3254,entailment
3255,contradiction
3256,neutral
3257,neutral
3258,contradiction
3259,neutral
3260,neutral
3261,neutral
3262,contradiction
3263,entailment
3264,contradiction
3265,contradiction
3266,neutral
3267,contradiction
3268,neutral
3269,neutral
3270,entailment
3271,entailment
3272,neutral
3273,neutral
3274,neutral
3275,entailment
3276,entailment
3277,entailment
3278,contradiction
3279,entailment
3280,contradiction
3281,neutral
3282,entailment
3283,neutral
3284,entailment
3285,neutral
3286,neutral
3287,neutral
3288,neutral
3289,contradiction
3290,entailment
3291,neutral
3292,entailment
3293,entailment
3294,entailment
3295,neutral
3296,neutral
3297,neutral
3298,neutral
3299,neutral
3300,entailment
3301,neutral
3302,neutral
3303,entailment
3304,neutral
3305,neutral
3306,neutral
3307,entailment
3308,contradiction
3309,neutral
3310,contradiction
3311,neutral
3312,neutral
3313,neutral
3314,neutral
3315,neutral
3316,entailment
3317,entailment
3318,contradiction
3319,entailment
3320,entailment
3321,neutral
3322,neutral
3323,neutral
3324,neutral
3325,neutral
3326,entailment
3327,neutral
3328,entailment
3329,neutral
3330,entailment
3331,contradiction
3332,neutral
3333,entailment
3334,entailment
3335,entailment
3336,neutral
3337,neutral
3338,neutral
3339,neutral
3340,neutral
3341,contradiction
3342,neutral
3343,neutral
3344,entailment
3345,neutral
3346,neutral
3347,neutral
3348,entailment
3349,contradiction
3350,entailment
3351,neutral
3352,neutral
3353,neutral
3354,neutral
3355,entailment
3356,entailment
3357,entailment
3358,entailment
3359,entailment
3360,neutral
3361,contradiction
3362,contradiction
3363,neutral
3364,entailment
3365,neutral
3366,neutral
3367,contradiction
3368,entailment
3369,contradiction
3370,contradiction
3371,neutral
3372,contradiction
3373,neutral
3374,entailment
3375,neutral
3376,neutral
3377,neutral
3378,neutral
3379,entailment
3380,contradiction
3381,entailment
3382,contradiction
3383,neutral
3384,neutral
3385,neutral
3386,entailment
3387,neutral
3388,entailment
3389,neutral
3390,neutral
3391,contradiction
3392,entailment
3393,neutral
3394,entailment
3395,entailment
3396,neutral
3397,neutral
3398,neutral
3399,neutral
3400,neutral
3401,contradiction
3402,neutral
3403,entailment
3404,entailment
3405,neutral
3406,contradiction
3407,entailment
3408,neutral
3409,neutral
3410,neutral
3411,neutral
3412,contradiction
3413,neutral
3414,neutral
3415,contradiction
3416,neutral
3417,neutral
3418,neutral
3419,neutral
3420,contradiction
3421,neutral
3422,entailment
3423,entailment
3424,contradiction
3425,entailment
3426,entailment
3427,neutral
3428,entailment
3429,entailment
3430,neutral
3431,neutral
3432,neutral
3433,neutral
3434,neutral
3435,neutral
3436,contradiction
3437,neutral
3438,contradiction
3439,entailment
3440,entailment
3441,neutral
3442,neutral
3443,entailment
3444,neutral
3445,neutral
3446,entailment
3447,entailment
3448,neutral
3449,entailment
3450,entailment
3451,entailment
3452,contradiction
3453,neutral
3454,neutral
3455,entailment
3456,entailment
3457,neutral
3458,neutral
3459,neutral
3460,contradiction
3461,neutral
3462,neutral
3463,neutral
3464,neutral
3465,neutral
3466,entailment
3467,contradiction
3468,neutral
3469,neutral
3470,neutral
3471,neutral
3472,entailment
3473,contradiction
3474,neutral
3475,neutral
3476,neutral
3477,neutral
3478,neutral
3479,neutral
3480,neutral
3481,neutral
3482,entailment
3483,entailment
3484,neutral
3485,neutral
3486,entailment
3487,neutral
3488,neutral
3489,neutral
3490,neutral
3491,neutral
3492,neutral
3493,neutral
3494,contradiction
3495,neutral
3496,contradiction
3497,neutral
3498,neutral
3499,neutral
3500,neutral
3501,neutral
3502,neutral
3503,neutral
3504,contradiction
3505,contradiction
3506,entailment
3507,neutral
3508,neutral
3509,entailment
3510,neutral
3511,neutral
3512,entailment
3513,entailment
3514,neutral
3515,contradiction
3516,neutral
3517,entailment
3518,contradiction
3519,neutral
3520,neutral
3521,neutral
3522,contradiction
3523,neutral
3524,entailment
3525,contradiction
3526,neutral
3527,contradiction
3528,entailment
3529,neutral
3530,neutral
3531,neutral
3532,neutral
3533,neutral
3534,entailment
3535,contradiction
3536,neutral
3537,neutral
3538,neutral
3539,neutral
3540,neutral
3541,entailment
3542,neutral
3543,entailment
3544,contradiction
3545,neutral
3546,entailment
3547,neutral
3548,contradiction
3549,entailment
3550,neutral
3551,entailment
3552,contradiction
3553,neutral
3554,contradiction
3555,neutral
3556,entailment
3557,neutral
3558,neutral
3559,neutral
3560,neutral
3561,entailment
3562,entailment
3563,neutral
3564,neutral
3565,neutral
3566,entailment
3567,neutral
3568,entailment
3569,entailment
3570,neutral
3571,entailment
3572,neutral
3573,neutral
3574,neutral
3575,neutral
3576,neutral
3577,neutral
3578,neutral
3579,neutral
3580,neutral
3581,entailment
3582,entailment
3583,neutral
3584,neutral
3585,contradiction
3586,neutral
3587,neutral
3588,entailment
3589,entailment
3590,neutral
3591,entailment
3592,neutral
3593,neutral
3594,neutral
3595,entailment
3596,entailment
3597,neutral
3598,neutral
3599,entailment
3600,neutral
3601,neutral
3602,entailment
3603,entailment
3604,entailment
3605,neutral
3606,neutral
3607,neutral
3608,neutral
3609,neutral
3610,neutral
3611,neutral
3612,neutral
3613,neutral
3614,entailment
3615,entailment
3616,entailment
3617,neutral
3618,neutral
3619,neutral
3620,entailment
3621,contradiction
3622,contradiction
3623,neutral
3624,neutral
3625,entailment
3626,entailment
3627,entailment
3628,neutral
3629,entailment
3630,neutral
3631,entailment
3632,neutral
3633,neutral
3634,contradiction
3635,contradiction
3636,neutral
3637,entailment
3638,neutral
3639,entailment
3640,entailment
3641,neutral
3642,neutral
3643,entailment
3644,neutral
3645,neutral
3646,entailment
3647,neutral
3648,neutral
3649,neutral
3650,entailment
3651,entailment
3652,contradiction
3653,neutral
3654,entailment
3655,neutral
3656,neutral
3657,contradiction
3658,neutral
3659,contradiction
3660,contradiction
3661,neutral
3662,entailment
3663,contradiction
3664,entailment
3665,neutral
3666,entailment
3667,entailment
3668,contradiction
3669,entailment
3670,contradiction
3671,contradiction
3672,neutral
3673,entailment
3674,neutral
3675,entailment
3676,neutral
3677,entailment
3678,contradiction
3679,entailment
3680,neutral
3681,neutral
3682,contradiction
3683,neutral
3684,contradiction
3685,contradiction
3686,entailment
3687,neutral
3688,neutral
3689,entailment
3690,neutral
3691,neutral
3692,entailment
3693,neutral
3694,neutral
3695,entailment
3696,neutral
3697,neutral
3698,neutral
3699,neutral
3700,neutral
3701,contradiction
3702,neutral
3703,neutral
3704,contradiction
3705,neutral
3706,contradiction
3707,entailment
3708,neutral
3709,entailment
3710,neutral
3711,neutral
3712,entailment
3713,neutral
3714,neutral
3715,neutral
3716,contradiction
3717,contradiction
3718,contradiction
3719,neutral
3720,entailment
3721,entailment
3722,neutral
3723,neutral
3724,neutral
3725,neutral
3726,contradiction
3727,neutral
3728,entailment
3729,neutral
3730,neutral
3731,neutral
3732,entailment
3733,neutral
3734,neutral
3735,entailment
3736,entailment
3737,neutral
3738,entailment
3739,neutral
3740,neutral
3741,neutral
3742,neutral
3743,neutral
3744,contradiction
3745,contradiction
3746,neutral
3747,entailment
3748,neutral
3749,entailment
3750,neutral
3751,entailment
3752,neutral
3753,neutral
3754,neutral
3755,neutral
3756,contradiction
3757,contradiction
3758,entailment
3759,entailment
3760,entailment
3761,neutral
3762,neutral
3763,neutral
3764,entailment
3765,neutral
3766,contradiction
3767,entailment
3768,contradiction
3769,entailment
3770,entailment
3771,neutral
3772,contradiction
3773,contradiction
3774,neutral
3775,contradiction
3776,entailment
3777,neutral
3778,neutral
3779,contradiction
3780,contradiction
3781,neutral
3782,neutral
3783,neutral
3784,neutral
3785,entailment
3786,entailment
3787,neutral
3788,neutral
3789,neutral
3790,neutral
3791,contradiction
3792,neutral
3793,contradiction
3794,neutral
3795,neutral
3796,entailment
3797,neutral
3798,neutral
3799,neutral
3800,neutral
3801,contradiction
3802,neutral
3803,contradiction
3804,neutral
3805,contradiction
3806,entailment
3807,neutral
3808,entailment
3809,neutral
3810,entailment
3811,entailment
3812,neutral
3813,entailment
3814,neutral
3815,entailment
3816,neutral
3817,entailment
3818,neutral
3819,entailment
3820,contradiction
3821,neutral
3822,neutral
3823,neutral
3824,neutral
3825,neutral
3826,entailment
3827,entailment
3828,neutral
3829,contradiction
3830,entailment
3831,neutral
3832,neutral
3833,entailment
3834,neutral
3835,entailment
3836,neutral
3837,entailment
3838,contradiction
3839,neutral
3840,entailment
3841,neutral
3842,neutral
3843,entailment
3844,entailment
3845,entailment
3846,neutral
3847,neutral
3848,neutral
3849,neutral
3850,entailment
3851,contradiction
3852,neutral
3853,neutral
3854,neutral
3855,neutral
3856,entailment
3857,entailment
3858,neutral
3859,neutral
3860,neutral
3861,neutral
3862,neutral
3863,neutral
3864,neutral
3865,contradiction
3866,entailment
3867,neutral
3868,neutral
3869,entailment
3870,contradiction
3871,contradiction
3872,entailment
3873,neutral
3874,neutral
3875,neutral
3876,entailment
3877,entailment
3878,neutral
3879,neutral
3880,neutral
3881,neutral
3882,neutral
3883,neutral
3884,contradiction
3885,neutral
3886,contradiction
3887,neutral
3888,entailment
3889,neutral
3890,neutral
3891,neutral
3892,contradiction
3893,entailment
3894,neutral
3895,contradiction
3896,entailment
3897,neutral
3898,neutral
3899,neutral
3900,neutral
3901,neutral
3902,entailment
3903,entailment
3904,entailment
3905,neutral
3906,neutral
3907,neutral
3908,entailment
3909,neutral
3910,neutral
3911,neutral
3912,neutral
3913,neutral
3914,neutral
3915,neutral
3916,neutral
3917,neutral
3918,entailment
3919,contradiction
3920,entailment
3921,neutral
3922,neutral
3923,contradiction
3924,contradiction
3925,neutral
3926,neutral
3927,contradiction
3928,neutral
3929,neutral
3930,entailment
3931,neutral
3932,neutral
3933,entailment
3934,neutral
3935,neutral
3936,neutral
3937,contradiction
3938,neutral
3939,contradiction
3940,neutral
3941,contradiction
3942,entailment
3943,neutral
3944,contradiction
3945,contradiction
3946,neutral
3947,neutral
3948,neutral
3949,entailment
3950,neutral
3951,neutral
3952,contradiction
3953,contradiction
3954,neutral
3955,entailment
3956,entailment
3957,contradiction
3958,neutral
3959,neutral
3960,neutral
3961,entailment
3962,contradiction
3963,neutral
3964,neutral
3965,entailment
3966,contradiction
3967,entailment
3968,entailment
3969,neutral
3970,neutral
3971,neutral
3972,contradiction
3973,neutral
3974,neutral
3975,entailment
3976,entailment
3977,entailment
3978,entailment
3979,entailment
3980,entailment
3981,neutral
3982,entailment
3983,neutral
3984,neutral
3985,neutral
3986,neutral
3987,entailment
3988,neutral
3989,neutral
3990,entailment
3991,neutral
3992,entailment
3993,entailment
3994,entailment
3995,neutral
3996,entailment
3997,neutral
3998,entailment
3999,entailment
4000,neutral
